sku,date,quantity
SKU-001,2026-07-01,18
SKU-001,2026-07-02,19
SKU-001,2026-07-03,21
SKU-001,2026-07-04,22
SKU-001,2026-07-05,20
SKU-001,2026-07-06,17
SKU-001,2026-07-07,16
SKU-001,2026-07-08,19
SKU-001,2026-07-09,20
SKU-001,2026-07-10,23
SKU-001,2026-07-11,24
SKU-001,2026-07-12,21
SKU-001,2026-07-13,18
SKU-001,2026-07-14,17
SKU-001,2026-07-15,20
SKU-001,2026-07-16,22
SKU-001,2026-07-17,25
SKU-001,2026-07-18,24
SKU-001,2026-07-19,22
SKU-001,2026-07-20,19
SKU-001,2026-07-21,18
SKU-001,2026-07-22,21
SKU-001,2026-07-23,23
SKU-001,2026-07-24,26
SKU-001,2026-07-25,25
SKU-001,2026-07-26,23
SKU-001,2026-07-27,20
SKU-001,2026-07-28,19
SKU-001,2026-07-29,22
SKU-001,2026-07-30,24
SKU-001,2026-07-31,27

